id,seller_id,category_id,name,slug,description,price,discount_price,thumbnail,status
1,15,4,Yes Product,product-1,Campaign case share perform. Thus everything mission growth. Begin its area pressure decade.,188.96,496.63,https://placekitten.com/248/864,Active
2,5,1,Build Product,product-2,Should of they war. White food ahead like customer lose top. Final improve church center far so.,858.17,795.33,https://www.lorempixel.com/969/864,Active
3,5,2,Audience Product,product-3,Capital another white ok page particular score where. Use sit church myself.,825.49,607.84,https://dummyimage.com/861x397,Active
4,4,3,Election Product,product-4,Indicate room direction wonder and travel once. Tend customer cold guess indicate help herself.,270.88,49.51,https://www.lorempixel.com/770/315,Active
5,10,4,Issue Product,product-5,Believe data far decade. Affect month until my present sound.,742.17,406.96,https://placeimg.com/671/937/any,Active
6,14,4,City Product,product-6,Mind least sometimes bring member for candidate. Place nor edge us region Mr.,956.95,721.9,https://placekitten.com/192/214,Active
7,11,4,Tax Product,product-7,Raise leg support you. Strong development environmental whatever great art.,820.66,518.28,https://dummyimage.com/131x120,Active
8,3,1,Range Product,product-8,This adult myself call wrong. Member what do much factor.,269.19,121.83,https://www.lorempixel.com/179/854,Active
9,2,4,Organization Product,product-9,Energy sister rate method.,365.15,113.25,https://dummyimage.com/760x471,Active
10,13,1,Nearly Product,product-10,Final edge set. Letter personal former would. Style carry dinner mother decision.,691.25,219.02,https://placeimg.com/543/738/any,Active
11,3,4,Condition Product,product-11,Religious team issue might television. Any including explain together.,697.46,830.95,https://placeimg.com/534/660/any,Active
12,3,2,Design Product,product-12,Get serious son security plan. Important serve truth away myself. Interview performance new three.,348.15,547.52,https://www.lorempixel.com/490/876,Active
13,13,4,Eight Product,product-13,Consumer really summer much suddenly fact. Assume budget total between wonder not bad.,295.98,136.46,https://placekitten.com/74/92,Active
14,15,1,Member Product,product-14,Billion media tonight knowledge rather allow against. Risk by benefit that ten single.,734.82,182.28,https://placeimg.com/138/290/any,Active
15,13,2,Almost Product,product-15,Study sing way next leg. Per condition important.,368.48,415.74,https://placekitten.com/271/286,Active
16,9,2,Budget Product,product-16,Season current race next eye. Expert health energy including practice third writer.,894.13,118.15,https://dummyimage.com/261x35,Active
17,2,3,Possible Product,product-17,Window white skill window system administration adult. Piece lot their magazine attack none.,315.05,550.42,https://dummyimage.com/144x674,Active
18,9,4,Upon Product,product-18,About war garden relationship campaign. Detail situation which structure give at.,583.99,610.87,https://dummyimage.com/871x13,Active
19,13,4,Rule Product,product-19,Candidate dark job race seat. War enter card woman.,317.98,321.83,https://www.lorempixel.com/563/496,Active
20,12,4,Population Product,product-20,Question eat money sing image. Environmental your accept mean.,784.65,459.46,https://placekitten.com/1017/193,Active
21,15,3,Exist Product,product-21,"Space avoid meeting fly.
Line recent box strategy this present. Project federal sense would.",902.2,88.77,https://placekitten.com/533/333,Active
22,1,2,Win Product,product-22,Report attorney parent theory. Send rather child senior which room write.,281.61,479.84,https://dummyimage.com/348x862,Active
23,15,1,Crime Product,product-23,Majority peace today sort never country. About marriage himself so each. Already site nor.,669.42,514.77,https://dummyimage.com/885x932,Active
24,11,3,Situation Product,product-24,Until meet last understand weight newspaper. Happy organization house myself.,465.44,475.51,https://placeimg.com/277/443/any,Active
25,12,4,Picture Product,product-25,Subject away interesting subject say media. Teach morning require oil itself born laugh.,516.86,838.15,https://placekitten.com/242/451,Active
26,6,3,Car Product,product-26,Ability so check western new. Light may skin network.,379.87,243.99,https://placekitten.com/221/108,Active
27,2,1,Blood Product,product-27,Baby any myself. Exist stop energy question college while.,847.87,851.83,https://placekitten.com/558/547,Active
28,5,3,Once Product,product-28,Summer focus hotel show worry radio ground. House realize dinner him finish.,75.44,508.38,https://www.lorempixel.com/885/140,Active
29,10,2,Relate Product,product-29,Ok spring series. Likely including strong learn.,590.62,848.26,https://placeimg.com/251/927/any,Active
30,8,2,Resource Product,product-30,Determine several commercial go space wife current prevent. Poor care board sport organization.,237.59,166.83,https://placeimg.com/234/894/any,Active
31,6,1,Stand Product,product-31,These meeting understand who artist.,265.67,255.81,https://dummyimage.com/76x406,Active
32,12,4,Oil Product,product-32,Country by success suddenly reflect.,198.22,677.42,https://www.lorempixel.com/823/495,Active
33,4,1,Detail Product,product-33,Network fire few dream successful color. Movie baby and still expert.,437.07,660.73,https://dummyimage.com/111x234,Active
34,12,3,Camera Product,product-34,Defense politics place dream suffer woman sound. And consumer carry study boy we yard.,320.31,483.8,https://placekitten.com/903/650,Active
35,14,3,Along Product,product-35,Keep upon wish serve. Wonder exist animal list side. Best by local score mention get difficult.,952.52,701.99,https://placekitten.com/330/479,Active
36,7,2,Sport Product,product-36,Maybe late try stay create raise none. Good without step skill who author decide.,370.15,453.15,https://www.lorempixel.com/930/283,Active
37,11,4,Our Product,product-37,During voice discuss to. Many study fear adult consumer answer. Size pull industry around sit huge.,37.19,577.73,https://placeimg.com/667/609/any,Active
38,11,1,Whether Product,product-38,Itself sort too push human open. Concern seem officer reflect assume win finally.,828.81,434.03,https://www.lorempixel.com/980/45,Active
39,15,3,Continue Product,product-39,Serious friend authority surface candidate a. Present bed scientist team wait.,20.64,286.04,https://placekitten.com/703/852,Active
40,13,2,Century Product,product-40,Current least parent economic difficult plan.,278.35,283.25,https://placeimg.com/35/246/any,Active
41,6,4,Early Product,product-41,Approach important follow property tonight. General away and something involve. World develop live.,31.68,608.12,https://placekitten.com/931/471,Active
42,4,4,Within Product,product-42,Look word so would far. Effect however week avoid control. This do room scientist enter.,473.64,318.86,https://www.lorempixel.com/429/484,Active
43,15,3,Price Product,product-43,Listen relate item stand. Major fine address grow.,795.08,455.7,https://dummyimage.com/611x138,Active
44,3,2,Certain Product,product-44,Power recent its particular child financial. Stock attorney name. We window environment enter.,264.88,844.68,https://dummyimage.com/989x912,Active
45,12,1,People Product,product-45,Know check including necessary. Model condition behind area.,733.2,565.31,https://dummyimage.com/697x270,Active
46,11,1,Everyone Product,product-46,Always there left lose. Family could far week nature sure fact.,557.17,453.17,https://dummyimage.com/519x226,Active
47,11,1,Get Product,product-47,Arm behind about. President democratic major few catch something seat.,197.45,603.01,https://dummyimage.com/1008x422,Active
48,7,2,Decision Product,product-48,Stand community test later say. Over example risk right. Last head idea include radio economic.,119.0,846.31,https://dummyimage.com/162x477,Active
49,7,2,Sing Product,product-49,"Marriage here sound.
Tend institution like even.",254.72,562.56,https://dummyimage.com/955x599,Active
50,6,2,At Product,product-50,Drop which sell garden detail whether. Travel receive through when. Listen city loss chance note.,499.24,840.43,https://dummyimage.com/569x469,Active
51,14,4,Indicate Product,product-51,Them low page. Every eight point may. List article must manager run small under.,778.59,77.36,https://www.lorempixel.com/983/242,Active
52,2,1,Paper Product,product-52,Within reveal break house. Paper consumer sister realize. Be color method.,562.28,381.83,https://dummyimage.com/70x511,Active
53,7,2,Network Product,product-53,Town with up all seven. People suffer ten speak guy agent.,436.77,346.0,https://dummyimage.com/887x904,Active
54,1,2,Fish Product,product-54,Operation teacher hair whole her like force. Dog land organization south street site.,269.93,313.64,https://placeimg.com/499/240/any,Active
55,7,1,Who Product,product-55,Power student become act travel. Player forget nothing young society summer song himself.,871.54,871.11,https://placekitten.com/160/605,Active
56,2,4,Find Product,product-56,Must first material other couple. Guy manager woman family. Coach along forward officer.,562.17,322.08,https://www.lorempixel.com/657/673,Active
57,14,4,Major Product,product-57,Someone get require financial. Song nice save during politics political. Three center say.,395.82,534.05,https://www.lorempixel.com/657/643,Active
58,10,1,Air Product,product-58,After mouth professor technology. Book sister none evidence when sign lead station.,478.96,573.82,https://dummyimage.com/847x510,Active
59,12,3,Line Product,product-59,Room cut make drop. Full history audience list free various. Despite hold myself.,650.77,612.57,https://www.lorempixel.com/802/594,Active
60,6,1,International Product,product-60,Picture foreign tree two Congress young scene option.,675.45,17.55,https://dummyimage.com/892x418,Active
61,1,4,View Product,product-61,Point article blood pick better. Sport hear foot final range. Every best their summer.,438.0,832.49,https://placeimg.com/890/428/any,Active
62,2,2,Hair Product,product-62,Herself full myself blood girl blood. Action total cover explain thing spend collection.,346.09,385.67,https://placeimg.com/642/849/any,Active
63,1,3,Let Product,product-63,"To vote information eye number.
Who fly law behavior you idea. Strong young alone tonight.",379.39,110.83,https://placeimg.com/855/7/any,Active
64,5,4,Police Product,product-64,Final meet media scene pass yet write family. Key number before realize list magazine.,548.27,679.07,https://placeimg.com/186/488/any,Active
65,1,4,Computer Product,product-65,Marriage full student personal want stand pay. People artist note hold west also.,125.13,784.83,https://dummyimage.com/66x57,Active
66,14,1,Nice Product,product-66,Skill trouble natural reveal stay on. Strong job mission real paper answer late.,648.66,329.47,https://placekitten.com/992/690,Active
67,13,1,Provide Product,product-67,Production situation edge shake. Well my offer serve ok control.,418.82,107.8,https://placekitten.com/260/107,Active
68,8,2,Certain Product,product-68,Phone some image cause. Modern develop operation.,443.89,121.28,https://placeimg.com/294/489/any,Active
69,7,3,West Product,product-69,Keep hard financial. Music three each room son. Rest type sound north reveal themselves.,523.42,25.2,https://placekitten.com/693/409,Active
70,4,2,Rock Product,product-70,Them career very at specific person already. Child once floor see include operation focus.,891.28,808.65,https://placeimg.com/343/633/any,Active
71,6,1,Indicate Product,product-71,Their national well office response read charge.,788.71,770.38,https://www.lorempixel.com/383/689,Active
72,11,4,Everybody Product,product-72,Minute rest fact fast goal. Guy hour yeah near high happy example.,235.43,215.32,https://www.lorempixel.com/738/930,Active
73,13,2,Student Product,product-73,Rich fund may them memory. Stuff common them knowledge clear.,776.97,369.64,https://www.lorempixel.com/831/67,Active
74,4,4,Month Product,product-74,Yeah sell modern guy camera animal most.,15.43,404.88,https://placeimg.com/969/668/any,Active
75,15,4,Second Product,product-75,Purpose after have contain. Foreign fine notice father pressure.,819.82,406.85,https://placeimg.com/573/91/any,Active
76,14,3,Learn Product,product-76,Miss daughter blue bar total change us. Black hit drop less stock moment fill.,715.44,498.21,https://dummyimage.com/587x141,Active
77,14,4,Argue Product,product-77,Partner goal wonder shake. House yet computer similar everything space determine area.,332.83,396.79,https://dummyimage.com/131x192,Active
78,14,3,Tax Product,product-78,Popular which at role. Head eye drop blue least when.,301.09,441.39,https://placeimg.com/228/325/any,Active
79,13,4,Mouth Product,product-79,Main why give night ten indicate. Data identify apply popular scene without career.,725.04,135.33,https://placeimg.com/830/1018/any,Active
80,12,2,Subject Product,product-80,Son many trade so call trade. Possible mean resource adult now senior relate rise.,838.89,688.74,https://placekitten.com/125/792,Active
81,7,3,Treat Product,product-81,Something woman why production figure. Article order special speech prove painting sea.,352.12,105.38,https://www.lorempixel.com/678/510,Active
82,10,4,Can Product,product-82,May hour beautiful. Even fight create wall grow situation.,730.53,103.26,https://www.lorempixel.com/848/578,Active
83,8,4,Peace Product,product-83,"Want main onto alone. Manager theory even wonder leave.
Speech man apply fear stuff.",634.06,263.16,https://www.lorempixel.com/477/74,Active
84,1,2,Set Product,product-84,Fall election home test in board trade agent. South former part race certain stock.,72.6,874.58,https://dummyimage.com/612x20,Active
85,5,1,Follow Product,product-85,Owner economy present stage star sound.,588.45,236.68,https://dummyimage.com/849x454,Active
86,6,2,Perhaps Product,product-86,Test best coach though meet. Area accept conference two no hope world.,844.55,43.36,https://placeimg.com/926/187/any,Active
87,4,4,Tonight Product,product-87,Matter option generation now. Focus defense again allow. Major among investment citizen position.,611.09,484.56,https://dummyimage.com/114x442,Active
88,4,2,Particularly Product,product-88,"Field meet himself ahead front.
Explain protect candidate former student. Shake section its.",508.02,831.13,https://placeimg.com/822/883/any,Active
89,10,2,Baby Product,product-89,Discuss yeah mention into accept. Your fact board.,56.6,652.73,https://placekitten.com/905/91,Active
90,12,1,Because Product,product-90,Serve lawyer rule edge old through pull. Yard structure center prevent and.,786.17,386.82,https://www.lorempixel.com/107/626,Active
91,12,2,What Product,product-91,Compare six pay through. Three family author mention.,474.84,251.76,https://placekitten.com/535/873,Active
92,15,1,Hold Product,product-92,"Off stop those finally. Floor area green without herself box.
Stop hand kitchen ahead firm.",540.23,726.69,https://placeimg.com/138/822/any,Active
93,13,3,Suffer Product,product-93,Soldier benefit mention sure story. Within month every meeting. Job about attorney inside.,750.7,151.62,https://placekitten.com/1011/368,Active
94,5,1,Ability Product,product-94,Set road able mention edge husband. Pick picture crime. Exactly sense arm about contain.,614.32,613.69,https://placekitten.com/330/857,Active
95,14,4,Back Product,product-95,Short federal high reach feel his. Foot treatment candidate agree once oil heart.,74.6,28.25,https://dummyimage.com/314x512,Active
96,3,3,Agree Product,product-96,Continue more develop us whose. Remember list risk behavior somebody.,530.74,320.23,https://placeimg.com/154/118/any,Active
97,5,2,Director Product,product-97,Base no cost low. Tonight begin piece window minute. Mrs support church threat spend born.,39.54,58.23,https://dummyimage.com/529x140,Active
98,3,4,Couple Product,product-98,May third agent dinner style partner wear. Present skill or series.,195.39,421.37,https://placeimg.com/331/561/any,Active
99,12,2,Politics Product,product-99,Order hair kind audience total myself drive. Interesting walk people half loss now audience.,539.25,148.63,https://placeimg.com/403/401/any,Active
100,3,3,Traditional Product,product-100,Other sort up partner rather.,721.06,484.04,https://placeimg.com/320/879/any,Active
